<?xml version="1.0" encoding="UTF-8" standalone="no"?>
<!--Copyright (C) 2009-2017 ARM Limited. All rights reserved.--><platform_data xmlns="http://www.arm.com/project_type" xmlns:peripheral="http://com.arm.targetconfigurationeditor" xmlns:xi="http://www.w3.org/2001/XInclude" xmlns:xsi="http://www.w3.org/2001/XMLSchema-instance" info_url="" type="HARDWARE" xsi:schemaLocation="http://www.arm.com/project_type ../../../Schemas/platform_data-1.xsd">
    <project_type_list>
        <project_type type="BARE_METAL">
            <name language="en">Bare Metal Debug</name>
            <description language="en">This allows a bare-metal debug connection.</description>
            <execution_environment id="BARE_METAL">
                <name language="en">Bare Metal Debug</name>
                <description language="en">Connect to a platform using a DSTREAM/RVI</description>
                <xi:include href="../../../Include/hardware_address.xml"/>
                <param default="CDB://Hikey960.rcf" id="config_file" type="string" visible="false"/>
                <activity id="ICE_DEBUG" type="Debug">
                    <name language="en">Cortex-A53_0</name>
                    <xi:include href="../../../Include/dstream_st_activity_description_bm.xml"/>
                    <xi:include href="../../../Include/dstream_st_connection_type.xml"/>
                    <core connection_id="Cortex-A53_0" core_definition="Cortex-A53"/>
                    <param default="CDB://dtsl_config_script.py" id="dtsl_config_script" type="string" visible="false"/>
                    <param default="DtslScript_DSTREAM_ST" id="dtsl_config" type="string" visible="false"/>
                    <param default="options.trace.traceCapture" id="dtsl_tracecapture_option" type="string" visible="false"/>
                </activity>
                <activity id="ICE_DEBUG" type="Debug">
                    <name language="en">Cortex-A53_0</name>
                    <xi:include href="../../../Include/dstream_activity_description_bm.xml"/>
                    <xi:include href="../../../Include/dstream_connection_type.xml"/>
                    <core connection_id="Cortex-A53_0" core_definition="Cortex-A53"/>
                    <param default="CDB://dtsl_config_script.py" id="dtsl_config_script" type="string" visible="false"/>
                    <param default="DtslScript" id="dtsl_config" type="string" visible="false"/>
                    <param default="options.trace.traceCapture" id="dtsl_tracecapture_option" type="string" visible="false"/>
                </activity>
                <activity id="ICE_DEBUG" type="Debug">
                    <name language="en">Cortex-A53_1</name>
                    <xi:include href="../../../Include/dstream_st_activity_description_bm.xml"/>
                    <xi:include href="../../../Include/dstream_st_connection_type.xml"/>
                    <core connection_id="Cortex-A53_1" core_definition="Cortex-A53"/>
                    <param default="CDB://dtsl_config_script.py" id="dtsl_config_script" type="string" visible="false"/>
                    <param default="DtslScript_DSTREAM_ST" id="dtsl_config" type="string" visible="false"/>
                    <param default="options.trace.traceCapture" id="dtsl_tracecapture_option" type="string" visible="false"/>
                </activity>
                <activity id="ICE_DEBUG" type="Debug">
                    <name language="en">Cortex-A53_1</name>
                    <xi:include href="../../../Include/dstream_activity_description_bm.xml"/>
                    <xi:include href="../../../Include/dstream_connection_type.xml"/>
                    <core connection_id="Cortex-A53_1" core_definition="Cortex-A53"/>
                    <param default="CDB://dtsl_config_script.py" id="dtsl_config_script" type="string" visible="false"/>
                    <param default="DtslScript" id="dtsl_config" type="string" visible="false"/>
                    <param default="options.trace.traceCapture" id="dtsl_tracecapture_option" type="string" visible="false"/>
                </activity>
                <activity id="ICE_DEBUG" type="Debug">
                    <name language="en">Cortex-A53_2</name>
                    <xi:include href="../../../Include/dstream_st_activity_description_bm.xml"/>
                    <xi:include href="../../../Include/dstream_st_connection_type.xml"/>
                    <core connection_id="Cortex-A53_2" core_definition="Cortex-A53"/>
                    <param default="CDB://dtsl_config_script.py" id="dtsl_config_script" type="string" visible="false"/>
                    <param default="DtslScript_DSTREAM_ST" id="dtsl_config" type="string" visible="false"/>
                    <param default="options.trace.traceCapture" id="dtsl_tracecapture_option" type="string" visible="false"/>
                </activity>
                <activity id="ICE_DEBUG" type="Debug">
                    <name language="en">Cortex-A53_2</name>
                    <xi:include href="../../../Include/dstream_activity_description_bm.xml"/>
                    <xi:include href="../../../Include/dstream_connection_type.xml"/>
                    <core connection_id="Cortex-A53_2" core_definition="Cortex-A53"/>
                    <param default="CDB://dtsl_config_script.py" id="dtsl_config_script" type="string" visible="false"/>
                    <param default="DtslScript" id="dtsl_config" type="string" visible="false"/>
                    <param default="options.trace.traceCapture" id="dtsl_tracecapture_option" type="string" visible="false"/>
                </activity>
                <activity id="ICE_DEBUG" type="Debug">
                    <name language="en">Cortex-A53_3</name>
                    <xi:include href="../../../Include/dstream_st_activity_description_bm.xml"/>
                    <xi:include href="../../../Include/dstream_st_connection_type.xml"/>
                    <core connection_id="Cortex-A53_3" core_definition="Cortex-A53"/>
                    <param default="CDB://dtsl_config_script.py" id="dtsl_config_script" type="string" visible="false"/>
                    <param default="DtslScript_DSTREAM_ST" id="dtsl_config" type="string" visible="false"/>
                    <param default="options.trace.traceCapture" id="dtsl_tracecapture_option" type="string" visible="false"/>
                </activity>
                <activity id="ICE_DEBUG" type="Debug">
                    <name language="en">Cortex-A53_3</name>
                    <xi:include href="../../../Include/dstream_activity_description_bm.xml"/>
                    <xi:include href="../../../Include/dstream_connection_type.xml"/>
                    <core connection_id="Cortex-A53_3" core_definition="Cortex-A53"/>
                    <param default="CDB://dtsl_config_script.py" id="dtsl_config_script" type="string" visible="false"/>
                    <param default="DtslScript" id="dtsl_config" type="string" visible="false"/>
                    <param default="options.trace.traceCapture" id="dtsl_tracecapture_option" type="string" visible="false"/>
                </activity>
                <activity id="ICE_DEBUG" type="Debug">
                    <name language="en">Cortex-A53x4 SMP</name>
                    <xi:include href="../../../Include/dstream_st_activity_description_bm.xml"/>
                    <xi:include href="../../../Include/dstream_st_connection_type.xml"/>
                    <core connection_id="Cortex-A53_SMP_0" core_definition="Cortex-A53"/>
                    <param default="CDB://dtsl_config_script.py" id="dtsl_config_script" type="string" visible="false"/>
                    <param default="DtslScript_DSTREAM_ST" id="dtsl_config" type="string" visible="false"/>
                    <param default="options.trace.traceCapture" id="dtsl_tracecapture_option" type="string" visible="false"/>
                </activity>
                <activity id="ICE_DEBUG" type="Debug">
                    <name language="en">Cortex-A53x4 SMP</name>
                    <xi:include href="../../../Include/dstream_activity_description_bm.xml"/>
                    <xi:include href="../../../Include/dstream_connection_type.xml"/>
                    <core connection_id="Cortex-A53_SMP_0" core_definition="Cortex-A53"/>
                    <param default="CDB://dtsl_config_script.py" id="dtsl_config_script" type="string" visible="false"/>
                    <param default="DtslScript" id="dtsl_config" type="string" visible="false"/>
                    <param default="options.trace.traceCapture" id="dtsl_tracecapture_option" type="string" visible="false"/>
                </activity>
                <activity id="ICE_DEBUG" type="Debug">
                    <name language="en">Cortex-A73/Cortex-A53 big.LITTLE</name>
                    <xi:include href="../../../Include/dstream_st_activity_description_bm.xml"/>
                    <xi:include href="../../../Include/dstream_st_connection_type.xml"/>
                    <core connection_id="big.LITTLE" core_definition="A73_A53_big.LITTLE"/>
                    <param default="CDB://dtsl_config_script.py" id="dtsl_config_script" type="string" visible="false"/>
                    <param default="DtslScript_DSTREAM_ST" id="dtsl_config" type="string" visible="false"/>
                    <param default="options.trace.traceCapture" id="dtsl_tracecapture_option" type="string" visible="false"/>
                </activity>
                <activity id="ICE_DEBUG" type="Debug">
                    <name language="en">Cortex-A73/Cortex-A53 big.LITTLE</name>
                    <xi:include href="../../../Include/dstream_activity_description_bm.xml"/>
                    <xi:include href="../../../Include/dstream_connection_type.xml"/>
                    <core connection_id="big.LITTLE" core_definition="A73_A53_big.LITTLE"/>
                    <param default="CDB://dtsl_config_script.py" id="dtsl_config_script" type="string" visible="false"/>
                    <param default="DtslScript" id="dtsl_config" type="string" visible="false"/>
                    <param default="options.trace.traceCapture" id="dtsl_tracecapture_option" type="string" visible="false"/>
                </activity>
                <activity id="ICE_DEBUG" type="Debug">
                    <name language="en">Cortex-A73_0</name>
                    <xi:include href="../../../Include/dstream_st_activity_description_bm.xml"/>
                    <xi:include href="../../../Include/dstream_st_connection_type.xml"/>
                    <core connection_id="Cortex-A73_0" core_definition="Cortex-A73"/>
                    <param default="CDB://dtsl_config_script.py" id="dtsl_config_script" type="string" visible="false"/>
                    <param default="DtslScript_DSTREAM_ST" id="dtsl_config" type="string" visible="false"/>
                    <param default="options.trace.traceCapture" id="dtsl_tracecapture_option" type="string" visible="false"/>
                </activity>
                <activity id="ICE_DEBUG" type="Debug">
                    <name language="en">Cortex-A73_0</name>
                    <xi:include href="../../../Include/dstream_activity_description_bm.xml"/>
                    <xi:include href="../../../Include/dstream_connection_type.xml"/>
                    <core connection_id="Cortex-A73_0" core_definition="Cortex-A73"/>
                    <param default="CDB://dtsl_config_script.py" id="dtsl_config_script" type="string" visible="false"/>
                    <param default="DtslScript" id="dtsl_config" type="string" visible="false"/>
                    <param default="options.trace.traceCapture" id="dtsl_tracecapture_option" type="string" visible="false"/>
                </activity>
                <activity id="ICE_DEBUG" type="Debug">
                    <name language="en">Cortex-A73_1</name>
                    <xi:include href="../../../Include/dstream_st_activity_description_bm.xml"/>
                    <xi:include href="../../../Include/dstream_st_connection_type.xml"/>
                    <core connection_id="Cortex-A73_1" core_definition="Cortex-A73"/>
                    <param default="CDB://dtsl_config_script.py" id="dtsl_config_script" type="string" visible="false"/>
                    <param default="DtslScript_DSTREAM_ST" id="dtsl_config" type="string" visible="false"/>
                    <param default="options.trace.traceCapture" id="dtsl_tracecapture_option" type="string" visible="false"/>
                </activity>
                <activity id="ICE_DEBUG" type="Debug">
                    <name language="en">Cortex-A73_1</name>
                    <xi:include href="../../../Include/dstream_activity_description_bm.xml"/>
                    <xi:include href="../../../Include/dstream_connection_type.xml"/>
                    <core connection_id="Cortex-A73_1" core_definition="Cortex-A73"/>
                    <param default="CDB://dtsl_config_script.py" id="dtsl_config_script" type="string" visible="false"/>
                    <param default="DtslScript" id="dtsl_config" type="string" visible="false"/>
                    <param default="options.trace.traceCapture" id="dtsl_tracecapture_option" type="string" visible="false"/>
                </activity>
                <activity id="ICE_DEBUG" type="Debug">
                    <name language="en">Cortex-A73_2</name>
                    <xi:include href="../../../Include/dstream_st_activity_description_bm.xml"/>
                    <xi:include href="../../../Include/dstream_st_connection_type.xml"/>
                    <core connection_id="Cortex-A73_2" core_definition="Cortex-A73"/>
                    <param default="CDB://dtsl_config_script.py" id="dtsl_config_script" type="string" visible="false"/>
                    <param default="DtslScript_DSTREAM_ST" id="dtsl_config" type="string" visible="false"/>
                    <param default="options.trace.traceCapture" id="dtsl_tracecapture_option" type="string" visible="false"/>
                </activity>
                <activity id="ICE_DEBUG" type="Debug">
                    <name language="en">Cortex-A73_2</name>
                    <xi:include href="../../../Include/dstream_activity_description_bm.xml"/>
                    <xi:include href="../../../Include/dstream_connection_type.xml"/>
                    <core connection_id="Cortex-A73_2" core_definition="Cortex-A73"/>
                    <param default="CDB://dtsl_config_script.py" id="dtsl_config_script" type="string" visible="false"/>
                    <param default="DtslScript" id="dtsl_config" type="string" visible="false"/>
                    <param default="options.trace.traceCapture" id="dtsl_tracecapture_option" type="string" visible="false"/>
                </activity>
                <activity id="ICE_DEBUG" type="Debug">
                    <name language="en">Cortex-A73_3</name>
                    <xi:include href="../../../Include/dstream_st_activity_description_bm.xml"/>
                    <xi:include href="../../../Include/dstream_st_connection_type.xml"/>
                    <core connection_id="Cortex-A73_3" core_definition="Cortex-A73"/>
                    <param default="CDB://dtsl_config_script.py" id="dtsl_config_script" type="string" visible="false"/>
                    <param default="DtslScript_DSTREAM_ST" id="dtsl_config" type="string" visible="false"/>
                    <param default="options.trace.traceCapture" id="dtsl_tracecapture_option" type="string" visible="false"/>
                </activity>
                <activity id="ICE_DEBUG" type="Debug">
                    <name language="en">Cortex-A73_3</name>
                    <xi:include href="../../../Include/dstream_activity_description_bm.xml"/>
                    <xi:include href="../../../Include/dstream_connection_type.xml"/>
                    <core connection_id="Cortex-A73_3" core_definition="Cortex-A73"/>
                    <param default="CDB://dtsl_config_script.py" id="dtsl_config_script" type="string" visible="false"/>
                    <param default="DtslScript" id="dtsl_config" type="string" visible="false"/>
                    <param default="options.trace.traceCapture" id="dtsl_tracecapture_option" type="string" visible="false"/>
                </activity>
                <activity id="ICE_DEBUG" type="Debug">
                    <name language="en">Cortex-A73x4 SMP</name>
                    <xi:include href="../../../Include/dstream_st_activity_description_bm.xml"/>
                    <xi:include href="../../../Include/dstream_st_connection_type.xml"/>
                    <core connection_id="Cortex-A73_SMP_0" core_definition="Cortex-A73"/>
                    <param default="CDB://dtsl_config_script.py" id="dtsl_config_script" type="string" visible="false"/>
                    <param default="DtslScript_DSTREAM_ST" id="dtsl_config" type="string" visible="false"/>
                    <param default="options.trace.traceCapture" id="dtsl_tracecapture_option" type="string" visible="false"/>
                </activity>
                <activity id="ICE_DEBUG" type="Debug">
                    <name language="en">Cortex-A73x4 SMP</name>
                    <xi:include href="../../../Include/dstream_activity_description_bm.xml"/>
                    <xi:include href="../../../Include/dstream_connection_type.xml"/>
                    <core connection_id="Cortex-A73_SMP_0" core_definition="Cortex-A73"/>
                    <param default="CDB://dtsl_config_script.py" id="dtsl_config_script" type="string" visible="false"/>
                    <param default="DtslScript" id="dtsl_config" type="string" visible="false"/>
                    <param default="options.trace.traceCapture" id="dtsl_tracecapture_option" type="string" visible="false"/>
                </activity>
                <activity id="ICE_DEBUG" type="Debug">
                    <name language="en">Cortex-M3</name>
                    <xi:include href="../../../Include/dstream_st_activity_description_bm.xml"/>
                    <xi:include href="../../../Include/dstream_st_connection_type.xml"/>
                    <core connection_id="Cortex-M3" core_definition="Cortex-M3"/>
                    <param default="CDB://dtsl_config_script.py" id="dtsl_config_script" type="string" visible="false"/>
                    <param default="DtslScript_DSTREAM_ST" id="dtsl_config" type="string" visible="false"/>
                    <param default="options.trace.traceCapture" id="dtsl_tracecapture_option" type="string" visible="false"/>
                </activity>
                <activity id="ICE_DEBUG" type="Debug">
                    <name language="en">Cortex-M3</name>
                    <xi:include href="../../../Include/dstream_activity_description_bm.xml"/>
                    <xi:include href="../../../Include/dstream_connection_type.xml"/>
                    <core connection_id="Cortex-M3" core_definition="Cortex-M3"/>
                    <param default="CDB://dtsl_config_script.py" id="dtsl_config_script" type="string" visible="false"/>
                    <param default="DtslScript" id="dtsl_config" type="string" visible="false"/>
                    <param default="options.trace.traceCapture" id="dtsl_tracecapture_option" type="string" visible="false"/>
                </activity>
            </execution_environment>
        </project_type>
        <project_type os_abstraction="LINUX_KERNEL" type="BARE_METAL">
            <name language="en">Linux Kernel Debug</name>
            <description language="en">Linux Kernel and/or Device Driver Debug</description>
            <execution_environment id="LINUX_KERNEL">
                <name language="en">Linux Kernel Debug</name>
                <description language="en">Connect to a platform using a DSTREAM/RVI</description>
                <xi:include href="../../../Include/hardware_address.xml"/>
                <param default="CDB://Hikey960.rcf" id="config_file" type="string" visible="false"/>
                <activity id="ICE_DEBUG" type="Debug">
                    <name language="en">Cortex-A53_0</name>
                    <xi:include href="../../../Include/dstream_st_activity_description_lk.xml"/>
                    <xi:include href="../../../Include/dstream_st_connection_type.xml"/>
                    <core connection_id="Cortex-A53_0" core_definition="Cortex-A53"/>
                    <param default="CDB://dtsl_config_script.py" id="dtsl_config_script" type="string" visible="false"/>
                    <param default="DtslScript_DSTREAM_ST" id="dtsl_config" type="string" visible="false"/>
                    <param default="options.trace.traceCapture" id="dtsl_tracecapture_option" type="string" visible="false"/>
                </activity>
                <activity id="ICE_DEBUG" type="Debug">
                    <name language="en">Cortex-A53_0</name>
                    <xi:include href="../../../Include/dstream_activity_description_lk.xml"/>
                    <xi:include href="../../../Include/dstream_connection_type.xml"/>
                    <core connection_id="Cortex-A53_0" core_definition="Cortex-A53"/>
                    <param default="CDB://dtsl_config_script.py" id="dtsl_config_script" type="string" visible="false"/>
                    <param default="DtslScript" id="dtsl_config" type="string" visible="false"/>
                    <param default="options.trace.traceCapture" id="dtsl_tracecapture_option" type="string" visible="false"/>
                </activity>
                <activity id="ICE_DEBUG" type="Debug">
                    <name language="en">Cortex-A53_1</name>
                    <xi:include href="../../../Include/dstream_st_activity_description_lk.xml"/>
                    <xi:include href="../../../Include/dstream_st_connection_type.xml"/>
                    <core connection_id="Cortex-A53_1" core_definition="Cortex-A53"/>
                    <param default="CDB://dtsl_config_script.py" id="dtsl_config_script" type="string" visible="false"/>
                    <param default="DtslScript_DSTREAM_ST" id="dtsl_config" type="string" visible="false"/>
                    <param default="options.trace.traceCapture" id="dtsl_tracecapture_option" type="string" visible="false"/>
                </activity>
                <activity id="ICE_DEBUG" type="Debug">
                    <name language="en">Cortex-A53_1</name>
                    <xi:include href="../../../Include/dstream_activity_description_lk.xml"/>
                    <xi:include href="../../../Include/dstream_connection_type.xml"/>
                    <core connection_id="Cortex-A53_1" core_definition="Cortex-A53"/>
                    <param default="CDB://dtsl_config_script.py" id="dtsl_config_script" type="string" visible="false"/>
                    <param default="DtslScript" id="dtsl_config" type="string" visible="false"/>
                    <param default="options.trace.traceCapture" id="dtsl_tracecapture_option" type="string" visible="false"/>
                </activity>
                <activity id="ICE_DEBUG" type="Debug">
                    <name language="en">Cortex-A53_2</name>
                    <xi:include href="../../../Include/dstream_st_activity_description_lk.xml"/>
                    <xi:include href="../../../Include/dstream_st_connection_type.xml"/>
                    <core connection_id="Cortex-A53_2" core_definition="Cortex-A53"/>
                    <param default="CDB://dtsl_config_script.py" id="dtsl_config_script" type="string" visible="false"/>
                    <param default="DtslScript_DSTREAM_ST" id="dtsl_config" type="string" visible="false"/>
                    <param default="options.trace.traceCapture" id="dtsl_tracecapture_option" type="string" visible="false"/>
                </activity>
                <activity id="ICE_DEBUG" type="Debug">
                    <name language="en">Cortex-A53_2</name>
                    <xi:include href="../../../Include/dstream_activity_description_lk.xml"/>
                    <xi:include href="../../../Include/dstream_connection_type.xml"/>
                    <core connection_id="Cortex-A53_2" core_definition="Cortex-A53"/>
                    <param default="CDB://dtsl_config_script.py" id="dtsl_config_script" type="string" visible="false"/>
                    <param default="DtslScript" id="dtsl_config" type="string" visible="false"/>
                    <param default="options.trace.traceCapture" id="dtsl_tracecapture_option" type="string" visible="false"/>
                </activity>
                <activity id="ICE_DEBUG" type="Debug">
                    <name language="en">Cortex-A53_3</name>
                    <xi:include href="../../../Include/dstream_st_activity_description_lk.xml"/>
                    <xi:include href="../../../Include/dstream_st_connection_type.xml"/>
                    <core connection_id="Cortex-A53_3" core_definition="Cortex-A53"/>
                    <param default="CDB://dtsl_config_script.py" id="dtsl_config_script" type="string" visible="false"/>
                    <param default="DtslScript_DSTREAM_ST" id="dtsl_config" type="string" visible="false"/>
                    <param default="options.trace.traceCapture" id="dtsl_tracecapture_option" type="string" visible="false"/>
                </activity>
                <activity id="ICE_DEBUG" type="Debug">
                    <name language="en">Cortex-A53_3</name>
                    <xi:include href="../../../Include/dstream_activity_description_lk.xml"/>
                    <xi:include href="../../../Include/dstream_connection_type.xml"/>
                    <core connection_id="Cortex-A53_3" core_definition="Cortex-A53"/>
                    <param default="CDB://dtsl_config_script.py" id="dtsl_config_script" type="string" visible="false"/>
                    <param default="DtslScript" id="dtsl_config" type="string" visible="false"/>
                    <param default="options.trace.traceCapture" id="dtsl_tracecapture_option" type="string" visible="false"/>
                </activity>
                <activity id="ICE_DEBUG" type="Debug">
                    <name language="en">Cortex-A53x4 SMP</name>
                    <xi:include href="../../../Include/dstream_st_activity_description_lk.xml"/>
                    <xi:include href="../../../Include/dstream_st_connection_type.xml"/>
                    <core connection_id="Cortex-A53_SMP_0" core_definition="Cortex-A53"/>
                    <param default="CDB://dtsl_config_script.py" id="dtsl_config_script" type="string" visible="false"/>
                    <param default="DtslScript_DSTREAM_ST" id="dtsl_config" type="string" visible="false"/>
                    <param default="options.trace.traceCapture" id="dtsl_tracecapture_option" type="string" visible="false"/>
                </activity>
                <activity id="ICE_DEBUG" type="Debug">
                    <name language="en">Cortex-A53x4 SMP</name>
                    <xi:include href="../../../Include/dstream_activity_description_lk.xml"/>
                    <xi:include href="../../../Include/dstream_connection_type.xml"/>
                    <core connection_id="Cortex-A53_SMP_0" core_definition="Cortex-A53"/>
                    <param default="CDB://dtsl_config_script.py" id="dtsl_config_script" type="string" visible="false"/>
                    <param default="DtslScript" id="dtsl_config" type="string" visible="false"/>
                    <param default="options.trace.traceCapture" id="dtsl_tracecapture_option" type="string" visible="false"/>
                </activity>
                <activity id="ICE_DEBUG" type="Debug">
                    <name language="en">Cortex-A73/Cortex-A53 big.LITTLE</name>
                    <xi:include href="../../../Include/dstream_st_activity_description_lk.xml"/>
                    <xi:include href="../../../Include/dstream_st_connection_type.xml"/>
                    <core connection_id="big.LITTLE" core_definition="A73_A53_big.LITTLE"/>
                    <param default="CDB://dtsl_config_script.py" id="dtsl_config_script" type="string" visible="false"/>
                    <param default="DtslScript_DSTREAM_ST" id="dtsl_config" type="string" visible="false"/>
                    <param default="options.trace.traceCapture" id="dtsl_tracecapture_option" type="string" visible="false"/>
                </activity>
                <activity id="ICE_DEBUG" type="Debug">
                    <name language="en">Cortex-A73/Cortex-A53 big.LITTLE</name>
                    <xi:include href="../../../Include/dstream_activity_description_lk.xml"/>
                    <xi:include href="../../../Include/dstream_connection_type.xml"/>
                    <core connection_id="big.LITTLE" core_definition="A73_A53_big.LITTLE"/>
                    <param default="CDB://dtsl_config_script.py" id="dtsl_config_script" type="string" visible="false"/>
                    <param default="DtslScript" id="dtsl_config" type="string" visible="false"/>
                    <param default="options.trace.traceCapture" id="dtsl_tracecapture_option" type="string" visible="false"/>
                </activity>
                <activity id="ICE_DEBUG" type="Debug">
                    <name language="en">Cortex-A73_0</name>
                    <xi:include href="../../../Include/dstream_st_activity_description_lk.xml"/>
                    <xi:include href="../../../Include/dstream_st_connection_type.xml"/>
                    <core connection_id="Cortex-A73_0" core_definition="Cortex-A73"/>
                    <param default="CDB://dtsl_config_script.py" id="dtsl_config_script" type="string" visible="false"/>
                    <param default="DtslScript_DSTREAM_ST" id="dtsl_config" type="string" visible="false"/>
                    <param default="options.trace.traceCapture" id="dtsl_tracecapture_option" type="string" visible="false"/>
                </activity>
                <activity id="ICE_DEBUG" type="Debug">
                    <name language="en">Cortex-A73_0</name>
                    <xi:include href="../../../Include/dstream_activity_description_lk.xml"/>
                    <xi:include href="../../../Include/dstream_connection_type.xml"/>
                    <core connection_id="Cortex-A73_0" core_definition="Cortex-A73"/>
                    <param default="CDB://dtsl_config_script.py" id="dtsl_config_script" type="string" visible="false"/>
                    <param default="DtslScript" id="dtsl_config" type="string" visible="false"/>
                    <param default="options.trace.traceCapture" id="dtsl_tracecapture_option" type="string" visible="false"/>
                </activity>
                <activity id="ICE_DEBUG" type="Debug">
                    <name language="en">Cortex-A73_1</name>
                    <xi:include href="../../../Include/dstream_st_activity_description_lk.xml"/>
                    <xi:include href="../../../Include/dstream_st_connection_type.xml"/>
                    <core connection_id="Cortex-A73_1" core_definition="Cortex-A73"/>
                    <param default="CDB://dtsl_config_script.py" id="dtsl_config_script" type="string" visible="false"/>
                    <param default="DtslScript_DSTREAM_ST" id="dtsl_config" type="string" visible="false"/>
                    <param default="options.trace.traceCapture" id="dtsl_tracecapture_option" type="string" visible="false"/>
                </activity>
                <activity id="ICE_DEBUG" type="Debug">
                    <name language="en">Cortex-A73_1</name>
                    <xi:include href="../../../Include/dstream_activity_description_lk.xml"/>
                    <xi:include href="../../../Include/dstream_connection_type.xml"/>
                    <core connection_id="Cortex-A73_1" core_definition="Cortex-A73"/>
                    <param default="CDB://dtsl_config_script.py" id="dtsl_config_script" type="string" visible="false"/>
                    <param default="DtslScript" id="dtsl_config" type="string" visible="false"/>
                    <param default="options.trace.traceCapture" id="dtsl_tracecapture_option" type="string" visible="false"/>
                </activity>
                <activity id="ICE_DEBUG" type="Debug">
                    <name language="en">Cortex-A73_2</name>
                    <xi:include href="../../../Include/dstream_st_activity_description_lk.xml"/>
                    <xi:include href="../../../Include/dstream_st_connection_type.xml"/>
                    <core connection_id="Cortex-A73_2" core_definition="Cortex-A73"/>
                    <param default="CDB://dtsl_config_script.py" id="dtsl_config_script" type="string" visible="false"/>
                    <param default="DtslScript_DSTREAM_ST" id="dtsl_config" type="string" visible="false"/>
                    <param default="options.trace.traceCapture" id="dtsl_tracecapture_option" type="string" visible="false"/>
                </activity>
                <activity id="ICE_DEBUG" type="Debug">
                    <name language="en">Cortex-A73_2</name>
                    <xi:include href="../../../Include/dstream_activity_description_lk.xml"/>
                    <xi:include href="../../../Include/dstream_connection_type.xml"/>
                    <core connection_id="Cortex-A73_2" core_definition="Cortex-A73"/>
                    <param default="CDB://dtsl_config_script.py" id="dtsl_config_script" type="string" visible="false"/>
                    <param default="DtslScript" id="dtsl_config" type="string" visible="false"/>
                    <param default="options.trace.traceCapture" id="dtsl_tracecapture_option" type="string" visible="false"/>
                </activity>
                <activity id="ICE_DEBUG" type="Debug">
                    <name language="en">Cortex-A73_3</name>
                    <xi:include href="../../../Include/dstream_st_activity_description_lk.xml"/>
                    <xi:include href="../../../Include/dstream_st_connection_type.xml"/>
                    <core connection_id="Cortex-A73_3" core_definition="Cortex-A73"/>
                    <param default="CDB://dtsl_config_script.py" id="dtsl_config_script" type="string" visible="false"/>
                    <param default="DtslScript_DSTREAM_ST" id="dtsl_config" type="string" visible="false"/>
                    <param default="options.trace.traceCapture" id="dtsl_tracecapture_option" type="string" visible="false"/>
                </activity>
                <activity id="ICE_DEBUG" type="Debug">
                    <name language="en">Cortex-A73_3</name>
                    <xi:include href="../../../Include/dstream_activity_description_lk.xml"/>
                    <xi:include href="../../../Include/dstream_connection_type.xml"/>
                    <core connection_id="Cortex-A73_3" core_definition="Cortex-A73"/>
                    <param default="CDB://dtsl_config_script.py" id="dtsl_config_script" type="string" visible="false"/>
                    <param default="DtslScript" id="dtsl_config" type="string" visible="false"/>
                    <param default="options.trace.traceCapture" id="dtsl_tracecapture_option" type="string" visible="false"/>
                </activity>
                <activity id="ICE_DEBUG" type="Debug">
                    <name language="en">Cortex-A73x4 SMP</name>
                    <xi:include href="../../../Include/dstream_st_activity_description_lk.xml"/>
                    <xi:include href="../../../Include/dstream_st_connection_type.xml"/>
                    <core connection_id="Cortex-A73_SMP_0" core_definition="Cortex-A73"/>
                    <param default="CDB://dtsl_config_script.py" id="dtsl_config_script" type="string" visible="false"/>
                    <param default="DtslScript_DSTREAM_ST" id="dtsl_config" type="string" visible="false"/>
                    <param default="options.trace.traceCapture" id="dtsl_tracecapture_option" type="string" visible="false"/>
                </activity>
                <activity id="ICE_DEBUG" type="Debug">
                    <name language="en">Cortex-A73x4 SMP</name>
                    <xi:include href="../../../Include/dstream_activity_description_lk.xml"/>
                    <xi:include href="../../../Include/dstream_connection_type.xml"/>
                    <core connection_id="Cortex-A73_SMP_0" core_definition="Cortex-A73"/>
                    <param default="CDB://dtsl_config_script.py" id="dtsl_config_script" type="string" visible="false"/>
                    <param default="DtslScript" id="dtsl_config" type="string" visible="false"/>
                    <param default="options.trace.traceCapture" id="dtsl_tracecapture_option" type="string" visible="false"/>
                </activity>
            </execution_environment>
        </project_type>
    </project_type_list>
</platform_data>
